{
  "target": "/marketplace",
  "samples": 9,
  "p75Ms": 12.31187,
  "values": [
    7.619259,
    8.103327,
    8.91137,
    9.3674,
    10.1175,
    12.31187,
    13.322726,
    25.256716,
    68.635516
  ]
}
